Id,Region,Time_GMT,Wday,O3,PM25,NO2,Place_ID,AQI
1,1,0,1,0,45,142,s37,14.750648
2,1,1,1,10,45,141,s37,15.079733
3,1,2,1,12,45,147,s37,15.724322
4,1,3,1,12,45,148,s37,15.815132
5,1,4,1,12,45,143,s37,15.342479
6,1,5,1,12,45,149,s37,15.902841
7,1,6,1,12,45,145,s37,15.523957
8,1,7,1,12,45,147,s37,15.708558
9,1,8,1,12,52,147,s37,15.921622
10,1,9,1,14,52,146,s37,15.912899
11,1,10,1,20,52,147,s37,16.27347
12,1,11,1,21,52,149,s37,16.496647
13,1,12,1,21,52,146,s37,16.217373
14,1,13,1,21,52,140,s37,15.662172
15,1,14,1,21,52,142,s37,15.835662
16,1,15,1,21,52,148,s37,16.385977
17,1,16,1,21,52,148,s37,16.379807
18,1,17,1,21,52,148,s37,16.373837
19,1,18,1,21,52,148,s37,16.368858
20,1,19,1,21,52,148,s37,16.363941
21,1,20,1,21,52,148,s37,16.35942
22,1,21,1,21,52,148,s37,16.35696
23,1,22,1,21,54,148,s37,16.423937
24,1,23,1,21,54,148,s37,16.421986
25,1,0,0,21,54,148,s37,16.547068
26,1,1,0,21,54,148,s37,16.541248
27,1,2,0,21,54,147,s37,16.444487
28,1,3,0,21,54,147,s37,16.438816
29,1,4,0,21,54,147,s37,16.433022
30,1,5,0,21,54,147,s37,16.427227
31,1,6,0,21,54,147,s37,16.421432
32,1,7,0,21,54,147,s37,16.41564
33,1,8,0,22,54,147,s37,16.457216
34,1,9,0,22,54,147,s37,16.4512
35,1,10,0,22,54,147,s37,16.445164
36,1,11,0,22,54,145,s37,16.256313
37,1,12,0,22,54,143,s37,16.067463
38,1,13,0,22,54,142,s37,15.968084
39,1,14,0,22,54,142,s37,15.958793
40,1,15,0,23,54,142,s37,15.997141
41,1,16,0,23,54,142,s37,15.989298
42,1,17,0,23,54,142,s37,15.981625
43,1,18,0,23,54,142,s37,15.973998
44,1,19,0,23,54,142,s37,15.966513
45,1,20,0,23,54,142,s37,15.960374
46,1,21,0,23,54,142,s37,15.954176
47,1,22,0,23,54,142,s37,15.949255
48,1,23,0,23,54,142,s37,15.945724
49,1,0,1,23,54,142,s36,16.092007
50,1,1,1,23,54,142,s36,16.086353
51,1,2,1,23,54,142,s36,16.0807
52,1,3,1,23,54,142,s36,16.075047
53,1,4,1,23,54,142,s36,16.069393
54,1,5,1,23,54,142,s36,16.06374
55,1,6,1,23,54,142,s36,16.058086
56,1,7,1,23,55,142,s36,16.090614
57,1,8,1,23,55,142,s36,16.084785
58,1,9,1,23,55,142,s36,16.078724
59,1,10,1,23,55,142,s36,16.072636
60,1,11,1,23,55,142,s36,16.06655
61,1,12,1,23,55,142,s36,16.061718
62,1,13,1,23,55,142,s36,16.053976
63,1,14,1,23,55,142,s36,16.046234
64,1,15,1,24,55,139,s36,15.812817
65,1,16,1,24,55,138,s36,15.714222
66,1,17,1,24,55,138,s36,15.70668
67,1,18,1,24,55,138,s36,15.69914
68,1,19,1,24,55,138,s36,15.692393
69,1,20,1,24,55,138,s36,15.685875
70,1,21,1,24,55,138,s36,15.678707
71,1,22,1,24,56,138,s36,15.712122
72,1,23,1,24,56,138,s36,15.704092
73,1,0,0,24,56,138,s36,15.850779
74,1,1,0,24,56,138,s36,15.845005
75,1,2,0,24,56,138,s36,15.8392105
76,1,3,0,24,56,138,s36,15.833418
77,1,4,0,25,56,138,s36,15.875046
78,1,5,0,25,56,138,s36,15.869202
79,1,6,0,25,56,138,s36,15.863306
80,1,7,0,25,56,138,s36,15.85775
81,1,8,0,25,56,138,s36,15.853401
82,1,9,0,25,56,138,s36,15.848941
83,1,10,0,25,56,138,s36,15.844402
84,1,11,0,25,56,138,s36,15.838673
85,1,12,0,25,56,138,s36,15.830929
86,1,13,0,25,56,138,s36,15.823189
87,1,14,0,25,56,138,s36,15.815573
88,1,15,0,25,56,138,s36,15.807963
89,1,16,0,25,56,138,s36,15.800648
90,1,17,0,25,56,138,s36,15.793106
91,1,18,0,25,56,137,s36,15.695059
92,1,19,0,26,57,136,s36,15.68462
93,1,20,0,26,57,136,s36,15.67701
94,1,21,0,27,57,135,s36,15.622591
95,1,22,0,28,57,135,s36,15.66974
96,1,23,0,28,57,135,s36,15.66844
97,1,0,1,30,57,132,s35,15.625191
98,1,1,1,30,57,132,s35,15.620514
99,1,2,1,30,57,132,s35,15.616753
100,1,3,1,30,58,132,s35,15.652703
101,1,4,1,30,58,132,s35,15.64926
102,1,5,1,31,58,132,s35,15.693342
103,1,6,1,31,58,132,s35,15.689888
104,1,7,1,31,58,132,s35,15.68471
105,1,8,1,31,58,132,s35,15.677567
106,1,9,1,31,58,132,s35,15.67031
107,1,10,1,31,59,132,s35,15.703116
108,1,11,1,31,65,130,s35,15.756542
109,1,12,1,32,65,125,s35,15.355019
110,1,13,1,32,65,120,s35,14.913761
111,1,14,1,32,65,120,s35,14.912914
112,1,15,1,32,65,120,s35,14.912949
113,1,16,1,32,65,120,s35,14.913193
114,1,17,1,32,65,120,s35,14.913438
115,1,18,1,32,65,120,s35,14.913683
116,1,19,1,32,65,120,s35,14.91391
117,1,20,1,32,65,120,s35,14.914107
118,1,21,1,32,65,120,s35,14.914386
119,1,22,1,32,65,120,s35,14.914416
120,1,23,1,32,65,120,s35,14.914513
121,1,0,0,32,65,120,s35,14.97081
122,1,1,0,32,65,120,s35,14.963845
123,1,2,0,32,65,120,s35,14.956924
124,1,3,0,32,65,120,s35,14.9500065
125,1,4,0,32,65,120,s35,14.943087
126,1,5,0,32,65,120,s35,14.936168
127,1,6,0,32,65,120,s35,14.929307
128,1,7,0,32,65,113,s35,14.319823
129,1,8,0,32,65,113,s35,14.315815
130,1,9,0,32,65,113,s35,14.3114395
131,1,10,0,32,65,113,s35,14.308731
132,1,11,0,32,65,113,s35,14.306601
133,1,12,0,32,65,113,s35,14.304281
134,1,13,0,32,65,113,s35,14.302803
135,1,14,0,32,65,113,s35,14.302414
136,1,15,0,32,65,113,s35,14.302042
137,1,16,0,32,65,113,s35,14.301212
138,1,17,0,32,65,113,s35,14.30155
139,1,18,0,32,65,113,s35,14.302238
140,1,19,0,32,65,113,s35,14.303446
141,1,20,0,32,65,113,s35,14.305525
142,1,21,0,32,65,113,s35,14.308229
143,1,22,0,32,65,113,s35,14.310934
144,1,23,0,32,65,113,s35,14.313638
145,1,0,1,32,65,113,s32,14.35352
146,1,1,1,32,65,103,s32,13.467287
147,1,2,1,32,65,103,s32,13.46586
148,1,3,1,32,65,103,s32,13.464598
149,1,4,1,32,65,103,s32,13.463396
150,1,5,1,32,65,103,s32,13.459806
151,1,6,1,32,65,103,s32,13.455546
152,1,7,1,32,65,103,s32,13.450967
153,1,8,1,32,65,103,s32,13.446388
154,1,9,1,32,65,103,s32,13.441811
155,1,10,1,32,65,103,s32,13.437225
156,1,11,1,32,65,103,s32,13.432723
157,1,12,1,32,66,103,s32,13.474024
158,1,13,1,32,67,103,s32,13.516226
159,1,14,1,32,67,103,s32,13.51327
160,1,15,1,32,68,103,s32,13.554499
161,1,16,1,32,68,103,s32,13.551371
162,1,17,1,32,68,103,s32,13.548731
163,1,18,1,32,68,103,s32,13.548381
164,1,19,1,32,68,101,s32,13.372207
165,1,20,1,32,68,101,s32,13.374159
166,1,21,1,32,68,101,s32,13.376614
167,1,22,1,32,69,101,s32,13.421724
168,1,23,1,32,69,101,s32,13.425281
169,1,0,0,32,69,101,s32,13.471308
170,1,1,0,32,69,101,s32,13.470163
171,1,2,0,32,69,101,s32,13.468996
172,1,3,0,32,73,101,s32,13.641708
173,1,4,0,32,74,101,s32,13.681122
174,1,5,0,32,74,101,s32,13.677202
175,1,6,0,32,74,101,s32,13.673281
176,1,7,0,32,74,101,s32,13.669849
177,1,8,0,32,74,101,s32,13.667152
178,1,9,0,32,74,101,s32,13.664477
179,1,10,0,32,74,101,s32,13.662539
180,1,11,0,32,74,101,s32,13.660659
181,1,12,0,32,74,101,s32,13.658529
182,1,13,0,32,74,96,s32,13.222593
183,1,14,0,32,74,96,s32,13.218878
184,1,15,0,32,74,96,s32,13.216903
185,1,16,0,32,74,96,s32,13.215352
186,1,17,0,32,74,96,s32,13.214083
187,1,18,0,32,74,96,s32,13.213034
188,1,19,0,32,74,96,s32,13.21198
189,1,20,0,32,74,96,s32,13.211042
190,1,21,0,32,74,96,s32,13.209972
191,1,22,0,32,74,96,s32,13.209014
192,1,23,0,32,74,96,s32,13.208487
193,1,0,1,32,74,96,s33,13.260633
194,1,1,1,32,74,96,s33,13.25959
195,1,2,1,32,74,96,s33,13.255154
196,1,3,1,33,74,96,s33,13.304714
197,1,4,1,33,74,96,s33,13.300039
198,1,5,1,33,74,96,s33,13.295015
199,1,6,1,33,74,96,s33,13.290399
200,1,7,1,33,74,96,s33,13.287434
201,1,8,1,33,74,96,s33,13.284735
202,1,9,1,33,74,96,s33,13.282036
203,1,10,1,33,74,96,s33,13.279682
204,1,11,1,33,74,96,s33,13.277394
205,1,12,1,33,74,96,s33,13.274832
206,1,13,1,33,74,96,s33,13.272453
207,1,14,1,33,74,96,s33,13.270468
208,1,15,1,33,74,96,s33,13.269132
209,1,16,1,33,74,96,s33,13.267787
210,1,17,1,33,74,96,s33,13.266451
211,1,18,1,34,74,96,s33,13.317181
212,1,19,1,34,74,96,s33,13.315531
213,1,20,1,34,74,96,s33,13.313988
214,1,21,1,34,74,96,s33,13.3129
215,1,22,1,34,74,96,s33,13.3118305
216,1,23,1,34,74,96,s33,13.311351
217,1,0,0,34,74,96,s33,13.374035
218,1,1,0,35,74,96,s33,13.423687
219,1,2,0,35,74,96,s33,13.4192505
220,1,3,0,35,74,96,s33,13.414498
221,1,4,0,35,74,96,s33,13.409367
222,1,5,0,35,74,96,s33,13.404236
223,1,6,0,35,74,96,s33,13.399105
224,1,7,0,35,74,96,s33,13.394318
225,1,8,0,35,74,96,s33,13.391324
226,1,9,0,35,74,96,s33,13.388674
227,1,10,0,35,74,96,s33,13.386387
228,1,11,0,35,74,96,s33,13.3841
229,1,12,0,35,75,96,s33,13.42625
230,1,13,0,35,75,96,s33,13.424698
231,1,14,0,35,75,96,s33,13.422537
232,1,15,0,35,75,96,s33,13.420555
233,1,16,0,35,75,96,s33,13.418884
234,1,17,0,35,75,96,s33,13.417154
235,1,18,0,35,75,96,s33,13.4155035
236,1,19,0,35,75,95,s33,13.327976
237,1,20,0,35,75,95,s33,13.326682
238,1,21,0,35,75,95,s33,13.325596
239,1,22,0,35,75,95,s33,13.324736
240,1,23,0,35,75,95,s33,13.324269
241,2,0,1,35,75,95,h1,13.379208
242,2,1,1,35,75,95,h1,13.375244
243,2,2,1,35,76,95,h1,13.414529
244,2,3,1,35,76,95,h1,13.409454
245,2,4,1,35,77,95,h1,13.44916
246,2,5,1,35,77,91,h1,13.099637
247,2,6,1,35,77,91,h1,13.0958805
248,2,7,1,35,77,91,h1,13.092472
249,2,8,1,36,77,91,h1,13.141784
250,2,9,1,36,77,91,h1,13.139753
251,2,10,1,36,77,91,h1,13.137829
252,2,11,1,36,77,91,h1,13.136313
253,2,12,1,36,77,91,h1,13.134464
254,2,13,1,36,77,90,h1,13.046795
255,2,14,1,36,78,90,h1,13.091495
256,2,15,1,36,78,90,h1,13.090418
257,2,16,1,36,78,90,h1,13.08919
258,2,17,1,36,78,90,h1,13.088076
259,2,18,1,36,78,90,h1,13.0874405
260,2,19,1,36,78,90,h1,13.086601
261,2,20,1,36,78,90,h1,13.08592
262,2,21,1,36,78,89,h1,13.001643
263,2,22,1,36,78,89,h1,13.001852
264,2,23,1,36,78,89,h1,13.00206
265,2,0,0,36,78,89,h1,13.050226
266,2,1,0,36,78,89,h1,13.045205
267,2,2,0,36,81,89,h1,13.175213
268,2,3,0,36,84,89,h1,13.307958
269,2,4,0,36,84,89,h1,13.306071
270,2,5,0,36,84,89,h1,13.304184
271,2,6,0,36,84,89,h1,13.302298
272,2,7,0,36,84,89,h1,13.300822
273,2,8,0,36,84,89,h1,13.299348
274,2,9,0,36,84,89,h1,13.297518
275,2,10,0,36,84,89,h1,13.295409
276,2,11,0,36,84,89,h1,13.293296
277,2,12,0,36,84,89,h1,13.291652
278,2,13,0,36,84,89,h1,13.2904625
279,2,14,0,36,84,89,h1,13.289482
280,2,15,0,36,84,88,h1,13.204638
281,2,16,0,36,84,88,h1,13.203907
282,2,17,0,36,84,88,h1,13.203245
283,2,18,0,36,84,88,h1,13.2027445
284,2,19,0,36,84,88,h1,13.202246
285,2,20,0,36,84,88,h1,13.201634
286,2,21,0,37,84,88,h1,13.252668
287,2,22,0,37,84,88,h1,13.252634
288,2,23,0,37,84,88,h1,13.252735
289,2,0,1,37,84,88,h2,13.283731
290,2,1,1,37,85,88,h2,13.325457
291,2,2,1,37,85,88,h2,13.3216505
292,2,3,1,38,85,88,h2,13.371164
293,2,4,1,38,85,88,h2,13.369276
294,2,5,1,38,85,88,h2,13.36739
295,2,6,1,38,85,88,h2,13.365502
296,2,7,1,39,85,88,h2,13.415317
297,2,8,1,39,85,88,h2,13.413768
298,2,9,1,39,85,88,h2,13.411571
299,2,10,1,40,85,88,h2,13.46065
300,2,11,1,40,85,88,h2,13.458538
301,2,12,1,40,85,88,h2,13.456345
302,2,13,1,40,85,88,h2,13.455131
303,2,14,1,40,85,88,h2,13.454264
304,2,15,1,40,85,88,h2,13.453903
305,2,16,1,40,85,88,h2,13.453859
306,2,17,1,40,85,88,h2,13.453815
307,2,18,1,40,85,88,h2,13.453772
308,2,19,1,41,85,88,h2,13.50483
309,2,20,1,41,85,88,h2,13.504873
310,2,21,1,41,85,88,h2,13.505119
311,2,22,1,41,85,88,h2,13.505779
312,2,23,1,41,85,88,h2,13.506416
313,2,0,0,41,85,88,h2,13.540478
314,2,1,0,41,85,88,h2,13.536736
315,2,2,0,41,85,88,h2,13.532929
316,2,3,0,41,85,87,h2,13.443975
317,2,4,0,41,85,87,h2,13.441076
318,2,5,0,41,85,87,h2,13.439189
319,2,6,0,41,85,87,h2,13.437302
320,2,7,0,41,85,87,h2,13.435695
321,2,8,0,41,85,87,h2,13.433933
322,2,9,0,41,85,87,h2,13.431776
323,2,10,0,41,85,87,h2,13.429663
324,2,11,0,41,85,87,h2,13.42755
325,2,12,0,41,85,87,h2,13.425615
326,2,13,0,41,85,87,h2,13.425082
327,2,14,0,41,85,87,h2,13.42444
328,2,15,0,41,85,87,h2,13.423855
329,2,16,0,41,85,87,h2,13.423268
330,2,17,0,41,85,87,h2,13.423082
331,2,18,0,41,85,87,h2,13.42304
332,2,19,0,41,85,87,h2,13.4229965
333,2,20,0,41,85,87,h2,13.423201
334,2,21,0,41,85,85,h2,13.256819
335,2,22,0,41,85,85,h2,13.257231
336,2,23,0,41,85,85,h2,13.257635
337,2,0,1,41,85,85,h3,13.283833
338,2,1,1,41,85,85,h3,13.280045
339,2,2,1,41,85,85,h3,13.276239
340,2,3,1,41,85,85,h3,13.272434
341,2,4,1,41,85,85,h3,13.269815
342,2,5,1,41,85,84,h3,13.183182
343,2,6,1,41,85,84,h3,13.181296
344,2,7,1,41,85,84,h3,13.1796255
345,2,8,1,41,85,84,h3,13.178276
346,2,9,1,41,85,84,h3,13.176809
347,2,10,1,41,85,84,h3,13.175132
348,2,11,1,41,85,84,h3,13.173974
349,2,12,1,41,85,84,h3,13.173159
350,2,13,1,41,85,84,h3,13.172294
351,2,14,1,41,85,84,h3,13.171707
352,2,15,1,41,85,84,h3,13.171121
353,2,16,1,41,85,84,h3,13.170529
354,2,17,1,41,85,84,h3,13.170416
355,2,18,1,41,85,84,h3,13.170774
356,2,19,1,42,85,84,h3,13.222458
357,2,20,1,42,85,84,h3,13.222816
358,2,21,1,42,85,84,h3,13.223169
359,2,22,1,42,85,84,h3,13.223941
360,2,23,1,42,85,82,h3,13.058364
361,2,0,0,42,86,82,h3,13.12776
362,2,1,0,42,86,82,h3,13.12405
363,2,2,0,42,87,82,h3,13.166031
364,2,3,0,42,87,82,h3,13.163886
365,2,4,0,42,87,82,h3,13.161998
366,2,5,0,42,87,82,h3,13.160112
367,2,6,0,42,87,82,h3,13.158846
368,2,7,0,42,87,82,h3,13.1577835
369,2,8,0,42,87,82,h3,13.15672
370,2,9,0,42,87,82,h3,13.156141
371,2,10,0,42,87,82,h3,13.15567
372,2,11,0,42,87,82,h3,13.154659
373,2,12,0,42,87,82,h3,13.15436
374,2,13,0,42,87,82,h3,13.154404
375,2,14,0,42,87,82,h3,13.153799
376,2,15,0,42,87,82,h3,13.153239
377,2,16,0,42,87,82,h3,13.153049
378,2,17,0,42,87,82,h3,13.15286
379,2,18,0,42,87,82,h3,13.152687
380,2,19,0,42,87,82,h3,13.152851
381,2,20,0,42,87,82,h3,13.153257
382,2,21,0,42,87,82,h3,13.153664
383,2,22,0,42,87,82,h3,13.1544
384,2,23,0,42,87,82,h3,13.155048
385,2,0,1,42,87,82,h26,13.172323
386,2,1,1,42,87,82,h26,13.1685915
387,2,2,1,42,87,82,h26,13.164787
388,2,3,1,42,87,82,h26,13.162119
389,2,4,1,42,87,82,h26,13.160235
390,2,5,1,42,87,82,h26,13.158693
391,2,6,1,42,87,82,h26,13.157194
392,2,7,1,42,87,82,h26,13.156083
393,2,8,1,42,87,82,h26,13.1551285
394,2,9,1,42,87,82,h26,13.154657
395,2,10,1,42,87,81,h26,13.070222
396,2,11,1,42,87,81,h26,13.069513
397,2,12,1,43,87,81,h26,13.120526
398,2,13,1,43,87,81,h26,13.120052
399,2,14,1,43,87,81,h26,13.1198635
400,2,15,1,43,87,81,h26,13.119673
401,2,16,1,43,87,81,h26,13.119484
402,2,17,1,44,87,81,h26,13.171143
403,2,18,1,44,87,81,h26,13.170955
404,2,19,1,44,87,81,h26,13.170818
405,2,20,1,44,87,81,h26,13.170828
406,2,21,1,45,87,81,h26,13.222536
407,2,22,1,45,87,81,h26,13.223351
408,2,23,1,45,87,81,h26,13.224434
409,2,0,0,45,87,81,h26,13.245861
410,2,1,0,45,87,81,h26,13.24215
411,2,2,0,45,87,81,h26,13.238408
412,2,3,0,45,87,81,h26,13.234895
413,2,4,0,45,87,81,h26,13.232669
414,2,5,0,45,87,81,h26,13.231126
415,2,6,0,45,87,81,h26,13.229698
416,2,7,0,45,87,81,h26,13.228624
417,2,8,0,45,87,81,h26,13.227786
418,2,9,0,45,87,81,h26,13.227226
419,2,10,0,45,87,81,h26,13.226156
420,2,11,0,45,87,81,h26,13.22514
421,2,12,0,45,87,81,h26,13.224739
422,2,13,0,45,87,81,h26,13.22517
423,2,14,0,45,87,80,h26,13.142433
424,2,15,0,45,87,80,h26,13.142329
425,2,16,0,45,87,80,h26,13.142139
426,2,17,0,45,87,80,h26,13.141949
427,2,18,0,45,87,80,h26,13.141777
428,2,19,0,45,88,80,h26,13.189328
429,2,20,0,45,89,80,h26,13.236722
430,2,21,0,45,89,80,h26,13.23656
431,2,22,0,45,89,80,h26,13.236748
432,2,23,0,45,89,80,h26,13.237531
433,2,0,1,45,89,79,h27,13.16651
434,2,1,1,45,89,79,h27,13.163143
435,2,2,1,45,89,79,h27,13.159716
436,2,3,1,45,89,79,h27,13.157432
437,2,4,1,45,89,79,h27,13.155916
438,2,5,1,45,94,79,h27,13.388765
439,2,6,1,45,94,79,h27,13.388081
440,2,7,1,46,94,79,h27,13.439005
441,2,8,1,46,94,79,h27,13.438421
442,2,9,1,46,94,78,h27,13.3541355
443,2,10,1,46,95,78,h27,13.40172
444,2,11,1,46,95,78,h27,13.402876
445,2,12,1,46,95,78,h27,13.40403
446,2,13,1,46,95,78,h27,13.404663
447,2,14,1,46,95,78,h27,13.405197
448,2,15,1,47,96,78,h27,13.504877
449,2,16,1,47,96,78,h27,13.504767
450,2,17,1,47,96,78,h27,13.504604
451,2,18,1,47,96,78,h27,13.504442
452,2,19,1,47,97,78,h27,13.551836
453,2,20,1,47,97,78,h27,13.551675
454,2,21,1,47,97,78,h27,13.551513
455,2,22,1,47,97,78,h27,13.551352
456,2,23,1,47,97,78,h27,13.55131
457,2,0,0,47,98,78,h27,13.601858
458,2,1,0,47,98,78,h27,13.600393
459,2,2,0,47,98,78,h27,13.59914
460,2,3,0,47,98,78,h27,13.598291
461,2,4,0,47,98,77,h27,13.513128
462,2,5,0,48,98,77,h27,13.563953
463,2,6,0,48,98,77,h27,13.563606
464,2,7,0,48,98,77,h27,13.56348
465,2,8,0,48,98,77,h27,13.563406
466,2,9,0,48,98,77,h27,13.563659
467,2,10,0,48,98,77,h27,13.564516
468,2,11,0,49,98,77,h27,13.617445
469,2,12,0,50,98,77,h27,13.670376
470,2,13,0,50,98,77,h27,13.671532
471,2,14,0,50,98,77,h27,13.672687
472,2,15,0,50,98,77,h27,13.673559
473,2,16,0,50,99,77,h27,13.721194
474,2,17,0,50,99,77,h27,13.721233
475,2,18,0,50,99,77,h27,13.721071
476,2,19,0,50,99,77,h27,13.720865
477,2,20,0,50,99,76,h27,13.637156
478,2,21,0,50,99,76,h27,13.636934
479,2,22,0,51,99,76,h27,13.688381
480,2,23,0,51,103,76,h27,13.878305
481,2,0,1,51,103,75,h28,13.787739
482,2,1,1,51,111,75,h28,14.162596
483,2,2,1,51,111,75,h28,14.162162
484,2,3,1,51,112,75,h28,14.208708
485,2,4,1,51,112,75,h28,14.208385
486,2,5,1,51,112,75,h28,14.208245
487,2,6,1,51,112,75,h28,14.208137
488,2,7,1,51,113,75,h28,14.255665
489,2,8,1,51,113,75,h28,14.256822
490,2,9,1,51,113,75,h28,14.257977
491,2,10,1,51,113,75,h28,14.259133
492,2,11,1,51,114,75,h28,14.307428
493,2,12,1,51,114,75,h28,14.308208
494,2,13,1,51,114,75,h28,14.308683
495,2,14,1,51,114,75,h28,14.30916
496,2,15,1,51,123,75,h28,14.733377
497,2,16,1,52,123,75,h28,14.785828
498,2,17,1,52,124,75,h28,14.833082
499,2,18,1,52,124,75,h28,14.83305
500,2,19,1,52,124,75,h28,14.832829
501,2,20,1,52,124,75,h28,14.832629
502,2,21,1,52,124,75,h28,14.832594
503,2,22,1,52,124,75,h28,14.832556
504,2,23,1,52,124,75,h28,14.83252
505,2,0,0,52,124,75,h28,14.827515
506,2,1,0,52,124,75,h28,14.82691
507,2,2,0,52,124,74,h28,14.742687
508,2,3,0,52,125,74,h28,14.789551
509,2,4,0,52,125,74,h28,14.789224
510,2,5,0,52,125,74,h28,14.789511
511,2,6,0,52,125,74,h28,14.790289
512,2,7,0,52,125,74,h28,14.791311
513,2,8,0,52,125,70,h28,14.458181
514,2,9,0,52,125,70,h28,14.459166
515,2,10,0,53,126,70,h28,14.55851
516,2,11,0,53,126,70,h28,14.5583935
517,2,12,0,53,126,70,h28,14.558037
518,2,13,0,53,126,70,h28,14.557558
519,2,14,0,53,126,70,h28,14.557156
520,2,15,0,53,126,70,h28,14.556753
521,2,16,0,53,126,70,h28,14.556598
522,2,17,0,54,126,70,h28,14.608487
523,2,18,0,54,126,69,h28,14.524108
524,2,19,0,54,126,69,h28,14.5240555
525,2,20,0,54,127,69,h28,14.57081
526,2,21,0,54,130,69,h28,14.711224
527,2,22,0,54,130,69,h28,14.711187
528,2,23,0,54,130,69,h28,14.711149
529,2,0,1,54,130,69,h29,14.711018
530,2,1,1,54,130,69,h29,14.7103405
531,2,2,1,54,130,69,h29,14.709897
532,2,3,1,54,130,69,h29,14.709728
533,2,4,1,54,131,69,h29,14.757748
534,2,5,1,54,131,69,h29,14.758536
535,2,6,1,54,131,69,h29,14.758856
536,2,7,1,54,131,69,h29,14.759173
537,2,8,1,54,131,69,h29,14.758993
538,2,9,1,54,131,69,h29,14.758757
539,2,10,1,54,131,69,h29,14.758588
540,2,11,1,54,131,69,h29,14.758062
541,2,12,1,54,131,68,h29,14.6735325
542,2,13,1,54,131,68,h29,14.673357
543,2,14,1,54,131,68,h29,14.673274
544,2,15,1,54,131,68,h29,14.673237
545,2,16,1,54,131,65,h29,14.420584
546,2,17,1,54,131,65,h29,14.420624
547,2,18,1,54,133,65,h29,14.5143795
548,2,19,1,54,133,65,h29,14.51442
549,2,20,1,54,134,65,h29,14.561317
550,2,21,1,54,134,65,h29,14.561357
551,2,22,1,54,134,65,h29,14.561397
552,2,23,1,54,134,65,h29,14.561436
553,2,0,0,54,135,65,h29,14.6131935
554,2,1,0,54,135,65,h29,14.612299
555,2,2,0,54,135,65,h29,14.6122
556,2,3,0,54,135,65,h29,14.612289
557,2,4,0,54,135,62,h29,14.359368
558,2,5,0,54,135,62,h29,14.359081
559,2,6,0,54,135,62,h29,14.358916
560,2,7,0,54,135,62,h29,14.35898
561,2,8,0,55,135,62,h29,14.410917
562,2,9,0,55,136,62,h29,14.458184
563,2,10,0,55,136,62,h29,14.458324
564,2,11,0,55,136,62,h29,14.458135
565,2,12,0,56,136,62,h29,14.509916
566,2,13,0,56,136,62,h29,14.509682
567,2,14,0,56,136,61,h29,14.425676
568,2,15,0,56,136,61,h29,14.425441
569,2,16,0,57,136,61,h29,14.477222
570,2,17,0,57,137,61,h29,14.524049
571,2,18,0,58,137,61,h29,14.57583
572,2,19,0,58,137,61,h29,14.575595
573,2,20,0,58,137,61,h29,14.575359
574,2,21,0,60,137,61,h29,14.679199
575,2,22,0,60,137,61,h29,14.679003
576,2,23,0,60,137,61,h29,14.678836
577,2,0,1,61,137,60,h30,14.647939
578,2,1,1,61,137,60,h30,14.64713
579,2,2,1,61,137,60,h30,14.647142
580,2,3,1,61,137,60,h30,14.647284
581,2,4,1,61,137,60,h30,14.647424
582,2,5,1,65,137,60,h30,14.854891
583,2,6,1,65,137,60,h30,14.855034
584,2,7,1,65,141,60,h30,15.043677
585,2,8,1,65,141,60,h30,15.0438175
586,2,9,1,65,141,60,h30,15.04396
587,2,10,1,65,141,59,h30,14.960377
588,2,11,1,65,141,59,h30,14.960529
589,2,12,1,65,141,59,h30,14.960722
590,2,13,1,65,141,59,h30,14.960659
591,2,14,1,65,141,59,h30,14.960423
592,2,15,1,65,141,58,h30,14.876419
593,2,16,1,65,141,58,h30,14.876183
594,2,17,1,65,142,58,h30,14.923008
595,2,18,1,65,142,58,h30,14.922772
596,2,19,1,65,142,58,h30,14.922537
597,2,20,1,65,142,58,h30,14.922302
598,2,21,1,68,142,58,h30,15.079445
599,2,22,1,68,142,57,h30,14.996199
600,2,23,1,68,144,57,h30,15.090284
601,2,0,0,71,144,57,h30,15.246098
602,2,1,0,71,144,57,h30,15.245333
603,2,2,0,71,144,57,h30,15.2449
604,2,3,0,71,144,57,h30,15.245041
605,2,4,0,71,144,57,h30,15.245181
606,2,5,0,71,144,56,h30,15.161598
607,2,6,0,71,144,56,h30,15.161739
608,2,7,0,71,144,56,h30,15.1618805
609,2,8,0,72,149,56,h30,15.449483
610,2,9,0,72,149,56,h30,15.449623
611,2,10,0,72,149,56,h30,15.449764
612,2,11,0,72,149,56,h30,15.450077
613,2,12,0,72,149,55,h30,15.367234
614,2,13,0,72,153,54,h30,15.472587
615,2,14,0,72,153,54,h30,15.473083
616,2,15,0,72,153,54,h30,15.473402
617,2,16,0,72,153,53,h30,15.390057
618,2,17,0,75,153,53,h30,15.546648
619,2,18,0,75,153,53,h30,15.546751
620,2,19,0,75,153,53,h30,15.546856
621,2,20,0,79,153,53,h30,15.7556095
622,2,21,0,79,153,53,h30,15.755712
623,2,22,0,80,153,53,h30,15.807978
624,2,23,0,80,154,53,h30,15.855115
625,2,0,1,80,154,53,h31,15.846043
626,2,1,1,80,155,53,h31,15.892818
627,2,2,1,80,155,53,h31,15.893284
628,2,3,1,80,155,53,h31,15.893751
629,2,4,1,80,155,53,h31,15.894217
630,2,5,1,80,155,53,h31,15.894684
631,2,6,1,80,155,52,h31,15.811586
632,2,7,1,80,155,52,h31,15.812053
633,2,8,1,81,155,52,h31,15.8644905
634,2,9,1,81,155,52,h31,15.864958
635,2,10,1,81,155,52,h31,15.865424
636,2,11,1,81,155,52,h31,15.865889
637,2,12,1,81,155,52,h31,15.866356
638,2,13,1,81,155,52,h31,15.866823
639,2,14,1,81,155,52,h31,15.86734
640,2,15,1,81,155,52,h31,15.86787
641,2,16,1,81,155,52,h31,15.868401
642,2,17,1,81,155,52,h31,15.868836
643,2,18,1,81,159,52,h31,16.057072
644,2,19,1,81,159,52,h31,16.057177
645,2,20,1,81,159,52,h31,16.057278
646,2,21,1,81,159,52,h31,16.05738
647,2,22,1,81,159,52,h31,16.057484
648,2,23,1,85,159,52,h31,16.26624
649,2,0,0,85,159,52,h31,16.258724
650,2,1,0,85,159,51,h31,16.174732
651,2,2,0,86,159,51,h31,16.22717
652,2,3,0,87,159,51,h31,16.27961
653,2,4,0,87,159,51,h31,16.280075
654,2,5,0,88,159,51,h31,16.332514
655,2,6,0,88,159,51,h31,16.332981
656,2,7,0,88,159,50,h31,16.249882
657,2,8,0,88,162,50,h31,16.391644
658,2,9,0,88,162,50,h31,16.39211
659,2,10,0,88,162,50,h31,16.39259
660,2,11,0,88,162,50,h31,16.39307
661,2,12,0,88,162,50,h31,16.393549
662,2,13,0,88,162,50,h31,16.394028
663,2,14,0,88,162,50,h31,16.394508
664,2,15,0,94,162,50,h31,16.706787
665,2,16,0,94,162,50,h31,16.707321
666,2,17,0,94,162,50,h31,16.707853
667,2,18,0,94,162,50,h31,16.708387
668,2,19,0,95,162,50,h31,16.761185
669,2,20,0,95,162,50,h31,16.761871
670,2,21,0,95,162,49,h31,16.679432
671,2,22,0,95,169,49,h31,17.0097
672,2,23,0,95,169,49,h31,17.009962
673,3,0,1,95,169,49,n72,16.993832
674,3,1,1,96,169,49,n72,17.045563
675,3,2,1,96,169,49,n72,17.045937
676,3,3,1,96,169,49,n72,17.046404
677,3,4,1,96,169,49,n72,17.046875
678,3,5,1,96,169,49,n72,17.047344
679,3,6,1,96,169,48,n72,16.964237
680,3,7,1,96,169,48,n72,16.96471
681,3,8,1,96,169,48,n72,16.965178
682,3,9,1,96,169,48,n72,16.965797
683,3,10,1,96,169,48,n72,16.966434
684,3,11,1,96,169,47,n72,16.883947
685,3,12,1,96,169,47,n72,16.884584
686,3,13,1,96,169,47,n72,16.88522
687,3,14,1,96,169,47,n72,16.885857
688,3,15,1,97,169,47,n72,16.938652
689,3,16,1,97,169,47,n72,16.939339
690,3,17,1,97,169,47,n72,16.940025
691,3,18,1,97,175,47,n72,17.223276
692,3,19,1,97,175,47,n72,17.223963
693,3,20,1,97,175,47,n72,17.224648
694,3,21,1,97,175,47,n72,17.224907
695,3,22,1,97,175,46,n72,17.142
696,3,23,1,97,175,46,n72,17.142262
697,3,0,0,97,175,46,n72,17.129692
698,3,1,0,97,175,46,n72,17.130169
699,3,2,0,97,175,45,n72,17.047684
700,3,3,0,97,175,45,n72,17.048286
701,3,4,0,97,175,45,n72,17.048908
702,3,5,0,97,175,45,n72,17.049532
703,3,6,0,97,175,45,n72,17.050156
704,3,7,0,97,175,45,n72,17.050793
705,3,8,0,98,184,45,n72,17.5275
706,3,9,0,98,184,45,n72,17.528137
707,3,10,0,98,184,45,n72,17.52877
708,3,11,0,98,184,45,n72,17.52941
709,3,12,0,98,184,45,n72,17.530045
710,3,13,0,98,184,45,n72,17.530682
711,3,14,0,98,184,45,n72,17.531315
712,3,15,0,98,184,45,n72,17.531952
713,3,16,0,98,184,45,n72,17.532587
714,3,17,0,98,184,45,n72,17.533224
715,3,18,0,99,184,45,n72,17.58602
716,3,19,0,99,184,45,n72,17.586697
717,3,20,0,99,184,45,n72,17.587383
718,3,21,0,99,184,45,n72,17.58791
719,3,22,0,99,184,45,n72,17.58817
720,3,23,0,100,202,45,n72,18.485981
721,3,0,1,100,202,45,n68,18.473785
722,3,1,1,100,202,45,n68,18.474405
723,3,2,1,100,202,45,n68,18.475025
724,3,3,1,100,202,45,n68,18.475645
725,3,4,1,100,202,45,n68,18.476261
726,3,5,1,100,208,45,n68,18.759014
727,3,6,1,100,208,44,n68,18.67619
728,3,7,1,100,208,44,n68,18.67672
729,3,8,1,100,208,44,n68,18.677254
730,3,9,1,100,208,44,n68,18.677795
731,3,10,1,100,208,43,n68,18.59499
732,3,11,1,100,208,43,n68,18.595535
733,3,12,1,100,208,43,n68,18.59608
734,3,13,1,100,208,43,n68,18.596626
735,3,14,1,100,208,43,n68,18.59717
736,3,15,1,100,208,43,n68,18.597717
737,3,16,1,100,208,42,n68,18.51491
738,3,17,1,100,208,42,n68,18.515205
739,3,18,1,100,208,42,n68,18.515324
740,3,19,1,100,208,42,n68,18.515442
741,3,20,1,100,208,42,n68,18.51556
742,3,21,1,100,208,42,n68,18.515678
743,3,22,1,100,208,42,n68,18.515839
744,3,23,1,100,211,42,n68,18.656742
745,3,0,0,100,211,42,n68,18.64801
746,3,1,0,100,211,42,n68,18.64854
747,3,2,0,101,211,42,n68,18.701378
748,3,3,0,101,211,42,n68,18.701908
749,3,4,0,101,211,42,n68,18.70244
750,3,5,0,101,211,42,n68,18.702972
751,3,6,0,101,211,42,n68,18.703508
752,3,7,0,101,211,42,n68,18.704052
753,3,8,0,101,211,42,n68,18.704597
754,3,9,0,101,211,42,n68,18.705143
755,3,10,0,101,211,42,n68,18.705687
756,3,11,0,101,211,42,n68,18.706234
757,3,12,0,101,211,42,n68,18.706778
758,3,13,0,101,211,42,n68,18.707321
759,3,14,0,101,211,42,n68,18.707867
760,3,15,0,101,211,42,n68,18.708412
761,3,16,0,101,211,42,n68,18.708958
762,3,17,0,101,232,42,n68,19.695068
763,3,18,0,101,232,42,n68,19.695185
764,3,19,0,101,232,42,n68,19.695303
765,3,20,0,101,232,42,n68,19.695423
766,3,21,0,101,232,42,n68,19.69554
767,3,22,0,101,232,42,n68,19.69566
768,3,23,0,101,232,42,n68,19.695776
769,3,0,1,101,232,42,n69,19.686054
770,3,1,1,101,232,42,n69,19.686584
771,3,2,1,101,232,42,n69,19.687115
772,3,3,1,101,232,42,n69,19.687649
773,3,4,1,101,232,42,n69,19.688179
774,3,5,1,101,232,42,n69,19.68871
775,3,6,1,101,232,41,n69,19.605885
776,3,7,1,101,232,41,n69,19.606415
777,3,8,1,101,232,41,n69,19.606947
778,3,9,1,101,232,41,n69,19.60749
779,3,10,1,101,232,41,n69,19.608036
780,3,11,1,101,248,41,n69,20.3602
781,3,12,1,101,248,41,n69,20.360497
782,3,13,1,101,248,41,n69,20.360615
783,3,14,1,103,248,41,n69,20.465725
784,3,15,1,103,248,41,n69,20.465843
785,3,16,1,103,248,41,n69,20.465961
786,3,17,1,103,248,41,n69,20.46608
787,3,18,1,103,248,41,n69,20.466198
788,3,19,1,103,248,41,n69,20.466316
789,3,20,1,103,248,41,n69,20.466434
790,3,21,1,103,248,41,n69,20.46655
791,3,22,1,103,248,41,n69,20.466671
792,3,23,1,110,255,41,n69,21.162691
793,3,0,0,110,255,41,n69,21.154722
794,3,1,0,110,255,41,n69,21.155254
795,3,2,0,110,255,41,n69,21.155785
796,3,3,0,110,255,41,n69,21.156315
797,3,4,0,110,255,41,n69,21.156847
798,3,5,0,113,255,41,n69,21.3143
799,3,6,0,113,255,41,n69,21.314846
800,3,7,0,113,255,41,n69,21.315392
801,3,8,0,113,255,41,n69,21.315937
802,3,9,0,113,255,41,n69,21.316483
803,3,10,0,113,255,41,n69,21.317028
804,3,11,0,113,255,41,n69,21.317574
805,3,12,0,113,255,41,n69,21.31812
806,3,13,0,113,255,41,n69,21.318663
807,3,14,0,113,255,41,n69,21.319206
808,3,15,0,113,255,41,n69,21.319752
809,3,16,0,113,255,41,n69,21.320297
810,3,17,0,113,255,41,n69,21.320765
811,3,18,0,113,255,41,n69,21.320885
812,3,19,0,113,255,41,n69,21.321
813,3,20,0,113,255,41,n69,21.32112
814,3,21,0,113,255,41,n69,21.32124
815,3,22,0,113,255,41,n69,21.321356
816,3,23,0,115,260,41,n69,21.661062
817,3,0,1,115,260,41,n70,21.650333
818,3,1,1,115,260,41,n70,21.650883
819,3,2,1,115,260,41,n70,21.651415
820,3,3,1,115,260,41,n70,21.651945
821,3,4,1,115,260,41,n70,21.652477
822,3,5,1,115,260,41,n70,21.653008
823,3,6,1,115,260,41,n70,21.653545
824,3,7,1,115,260,41,n70,21.654089
825,3,8,1,115,260,41,n70,21.654634
826,3,9,1,115,260,41,n70,21.655182
827,3,10,1,115,260,41,n70,21.655724
828,3,11,1,115,260,41,n70,21.65627
829,3,12,1,115,260,40,n70,21.573463
830,3,13,1,115,260,40,n70,21.574009
831,3,14,1,115,260,39,n70,21.491205
832,3,15,1,115,260,39,n70,21.49175
833,3,16,1,115,260,38,n70,21.408764
834,3,17,1,116,260,38,n70,21.461376
835,3,18,1,116,260,38,n70,21.461494
836,3,19,1,116,260,38,n70,21.461615
837,3,20,1,116,260,37,n70,21.378342
838,3,21,1,116,260,37,n70,21.378456
839,3,22,1,116,260,37,n70,21.378578
840,3,23,1,116,294,37,n70,22.973957
841,3,0,0,116,294,37,n70,22.963799
842,3,1,0,116,294,37,n70,22.964558
843,3,2,0,117,294,36,n70,22.934324
844,3,3,0,117,294,36,n70,22.935001
845,3,4,0,117,294,36,n70,22.935719
846,3,5,0,117,294,36,n70,22.936525
847,3,6,0,117,294,36,n70,22.93733
848,3,7,0,117,294,36,n70,22.938137
849,3,8,0,117,294,36,n70,22.938944
850,3,9,0,117,294,36,n70,22.93975
851,3,10,0,117,294,36,n70,22.940556
852,3,11,0,117,294,36,n70,22.94136
853,3,12,0,117,294,36,n70,22.942165
854,3,13,0,117,294,36,n70,22.942915
855,3,14,0,117,294,36,n70,22.943295
856,3,15,0,117,294,36,n70,22.943415
857,3,16,0,117,294,36,n70,22.943533
858,3,17,0,117,308,36,n70,23.599709
859,3,18,0,117,308,36,n70,23.600086
860,3,19,0,117,308,36,n70,23.600466
861,3,20,0,119,308,36,n70,23.70587
862,3,21,0,119,308,36,n70,23.705986
863,3,22,0,119,308,36,n70,23.706104
864,3,23,0,119,311,36,n70,23.846981
865,3,0,1,119,311,36,n71,23.833593
866,3,1,1,119,311,36,n71,23.834654
867,3,2,1,119,311,36,n71,23.83545
868,3,3,1,119,311,36,n71,23.83612
869,3,4,1,119,311,36,n71,23.83679
870,3,5,1,120,311,36,n71,23.88995
871,3,6,1,120,311,36,n71,23.890629
872,3,7,1,120,311,35,n71,23.807934
873,3,8,1,120,311,35,n71,23.808739
874,3,9,1,120,311,35,n71,23.809544
875,3,10,1,120,311,35,n71,23.810352
876,3,11,1,120,320,35,n71,24.232254
877,3,12,1,120,320,35,n71,24.232635
878,3,13,1,120,320,35,n71,24.233013
879,3,14,1,120,320,35,n71,24.23339
880,3,15,1,120,320,35,n71,24.233772
881,3,16,1,120,320,35,n71,24.23415
882,3,17,1,120,324,35,n71,24.42175
883,3,18,1,120,324,35,n71,24.422129
884,3,19,1,120,324,35,n71,24.422508
885,3,20,1,120,324,35,n71,24.422886
886,3,21,1,120,324,35,n71,24.423267
887,3,22,1,120,324,35,n71,24.423645
888,3,23,1,120,325,35,n71,24.47083
889,3,0,0,120,325,35,n71,24.463442
890,3,1,0,120,325,35,n71,24.46381
891,3,2,0,120,325,35,n71,24.46418
892,3,3,0,120,325,35,n71,24.4643
893,3,4,0,120,325,35,n71,24.46428
894,3,5,0,120,325,35,n71,24.464275
895,3,6,0,120,325,35,n71,24.46445
896,3,7,0,120,325,35,n71,24.465134
897,3,8,0,120,325,35,n71,24.465818
898,3,9,0,120,325,35,n71,24.466515
899,3,10,0,120,325,35,n71,24.46729
900,3,11,0,120,325,35,n71,24.46767
901,3,12,0,121,325,35,n71,24.52074
902,3,13,0,122,325,35,n71,24.57381
903,3,14,0,122,325,35,n71,24.574192
904,3,15,0,122,325,35,n71,24.57457
905,3,16,0,122,325,35,n71,24.57495
906,3,17,0,122,325,34,n71,24.49179
907,3,18,0,122,325,34,n71,24.49217
908,3,19,0,122,325,34,n71,24.49255
909,3,20,0,122,325,34,n71,24.49293
910,3,21,0,122,325,34,n71,24.493305
911,3,22,0,126,325,33,n71,24.620918
912,3,23,0,126,350,33,n71,25.791735
913,3,0,1,126,350,33,n73,25.784643
914,3,1,1,126,350,33,n73,25.785587
915,3,2,1,126,350,33,n73,25.78653
916,3,3,1,126,350,33,n73,25.787472
917,3,4,1,126,350,33,n73,25.788418
918,3,5,1,126,350,33,n73,25.78925
919,3,6,1,126,350,33,n73,25.789814
920,3,7,1,127,350,33,n73,25.842108
921,3,8,1,127,350,33,n73,25.842674
922,3,9,1,127,350,33,n73,25.842754
923,3,10,1,127,350,33,n73,25.842339
924,3,11,1,127,350,33,n73,25.841923
925,3,12,1,127,350,33,n73,25.841505
926,3,13,1,127,350,33,n73,25.841091
927,3,14,1,127,350,32,n73,25.758247
928,3,15,1,127,350,32,n73,25.757906
929,3,16,1,127,350,32,n73,25.75761
930,3,17,1,127,355,32,n73,25.993237
931,3,18,1,127,355,32,n73,25.992943
932,3,19,1,127,355,32,n73,25.992645
933,3,20,1,127,355,32,n73,25.992353
934,3,21,1,127,355,32,n73,25.992474
935,3,22,1,127,355,32,n73,25.993038
936,3,23,1,127,355,32,n73,25.993649
937,3,0,0,127,355,32,n73,25.989208
938,3,1,0,128,355,32,n73,26.04178
939,3,2,0,128,355,32,n73,26.042725
940,3,3,0,128,355,32,n73,26.04367
941,3,4,0,128,355,32,n73,26.044626
942,3,5,0,128,356,32,n73,26.09276
943,3,6,0,128,356,32,n73,26.09364
944,3,7,0,128,356,32,n73,26.094307
945,3,8,0,128,356,32,n73,26.094872
946,3,9,0,128,356,32,n73,26.095423
947,3,10,0,128,356,32,n73,26.095562
948,3,11,0,128,356,32,n73,26.095701
949,3,12,0,128,356,32,n73,26.095587
950,3,13,0,128,356,32,n73,26.095167
951,3,14,0,128,356,32,n73,26.094753
952,3,15,0,128,356,32,n73,26.094334
953,3,16,0,128,356,32,n73,26.094028
954,3,17,0,128,356,32,n73,26.093733
955,3,18,0,128,356,32,n73,26.093437
956,3,19,0,128,356,32,n73,26.093143
957,3,20,0,128,356,32,n73,26.09298
958,3,21,0,128,356,32,n73,26.093357
959,3,22,0,128,356,32,n73,26.093948
960,3,23,0,128,378,32,n73,27.130894
961,3,0,1,128,378,32,n74,27.126595
962,3,1,1,128,378,32,n74,27.127323
963,3,2,1,128,378,32,n74,27.128052
964,3,3,1,128,378,32,n74,27.128778
965,3,4,1,128,378,32,n74,27.129509
966,3,5,1,128,388,32,n74,27.60207
967,3,6,1,128,388,32,n74,27.602293
968,3,7,1,128,388,32,n74,27.60223
969,3,8,1,128,388,32,n74,27.602156
970,3,9,1,128,388,32,n74,27.602077
971,3,10,1,128,388,32,n74,27.602194
972,3,11,1,128,388,32,n74,27.602333
973,3,12,1,128,388,32,n74,27.602472
974,3,13,1,129,388,32,n74,27.654522
975,3,14,1,129,388,32,n74,27.65466
976,3,15,1,129,388,32,n74,27.6548
977,3,16,1,129,388,32,n74,27.654938
978,3,17,1,129,388,32,n74,27.654741
979,3,18,1,129,388,32,n74,27.654324
980,3,19,1,129,388,32,n74,27.653954
981,3,20,1,129,388,32,n74,27.653769
982,3,21,1,129,388,32,n74,27.65369
983,3,22,1,129,388,32,n74,27.653627
984,3,23,1,129,388,32,n74,27.653564
985,3,0,0,129,388,32,n74,27.651428
986,3,1,0,129,388,32,n74,27.652157
987,3,2,0,129,388,32,n74,27.652885
988,3,3,0,129,388,32,n74,27.653616
989,3,4,0,129,388,32,n74,27.654343
990,3,5,0,129,388,32,n74,27.654995
991,3,6,0,129,388,32,n74,27.655289
992,3,7,0,130,388,32,n74,27.707235
993,3,8,0,130,388,32,n74,27.70716
994,3,9,0,130,388,32,n74,27.707277
995,3,10,0,130,388,32,n74,27.707417
996,3,11,0,130,388,32,n74,27.707554
997,3,12,0,130,388,32,n74,27.707693
998,3,13,0,130,388,32,n74,27.70783
999,3,14,0,130,388,32,n74,27.70797
1000,3,15,0,130,388,32,n74,27.708107
1001,3,16,0,130,388,32,n74,27.708248
1002,3,17,0,131,388,32,n74,27.76004
1003,3,18,0,131,388,32,n74,27.759623
1004,3,19,0,131,388,31,n74,27.676907
1005,3,20,0,131,388,31,n74,27.676723
1006,3,21,0,131,388,31,n74,27.676596
1007,3,22,0,131,388,31,n74,27.67653
1008,3,23,0,131,388,31,n74,27.676468
1009,3,0,1,131,388,30,n75,27.587044
1010,3,1,1,131,388,30,n75,27.587772
1011,3,2,1,131,388,30,n75,27.588501
1012,3,3,1,131,388,30,n75,27.58923
1013,3,4,1,131,388,30,n75,27.589958
1014,3,5,1,131,421,30,n75,29.147854
1015,3,6,1,131,421,28,n75,28.98146
1016,3,7,1,131,421,28,n75,28.981651
1017,3,8,1,131,421,28,n75,28.981857
1018,3,9,1,131,421,27,n75,28.898792
1019,3,10,1,131,421,27,n75,28.898994
1020,3,11,1,134,425,26,n75,29.160046
1021,3,12,1,134,425,26,n75,29.160118
1022,3,13,1,134,425,26,n75,29.160011
1023,3,14,1,134,425,26,n75,29.160048
1024,3,15,1,134,425,26,n75,29.160194
1025,3,16,1,134,425,25,n75,29.077423
1026,3,17,1,134,425,25,n75,29.077574
1027,3,18,1,134,425,25,n75,29.077723
1028,3,19,1,134,425,25,n75,29.077873
1029,3,20,1,135,425,25,n75,29.129997
1030,3,21,1,135,425,25,n75,29.130674
1031,3,22,1,135,425,25,n75,29.131346
1032,3,23,1,135,425,25,n75,29.132019
1033,3,0,0,135,425,25,n75,29.126022
1034,3,1,0,135,425,25,n75,29.126633
1035,3,2,0,135,425,25,n75,29.1273
1036,3,3,0,135,425,25,n75,29.127617
1037,3,4,0,135,425,25,n75,29.127907
1038,3,5,0,135,458,25,n75,30.688068
1039,3,6,0,135,458,25,n75,30.688866
1040,3,7,0,135,458,25,n75,30.68964
1041,3,8,0,135,458,25,n75,30.690369
1042,3,9,0,135,458,25,n75,30.691097
1043,3,10,0,135,458,25,n75,30.691826
1138,3,9,0,168,573,25,n78,37.834854
1132,3,3,0,166,573,25,n78,37.72522
1044,3,11,0,135,478,25,n75,31.649632
1045,3,12,0,135,478,25,n75,31.65063
1046,3,13,0,135,478,25,n75,31.651579
1047,3,14,0,136,478,25,n75,31.702063
1048,3,15,0,136,478,25,n75,31.702919
1049,3,16,0,136,478,24,n75,31.622482
1050,3,17,0,136,485,24,n75,31.956484
1051,3,18,0,136,485,24,n75,31.956856
1139,3,10,0,170,574,24,n78,37.902622
1140,3,11,0,170,574,24,n78,37.904247
1143,3,14,0,175,562,24,n78,37.58854
1130,3,1,0,166,570,24,n78,37.49697
1131,3,2,0,166,570,24,n78,37.498333
1146,3,17,0,175,584,24,n78,38.637444
1135,3,6,0,166,572,24,n78,37.599213
1136,3,7,0,166,574,24,n78,37.6966
1128,3,23,1,166,571,24,n78,37.56719
1052,3,19,0,136,485,24,n75,31.95723
1053,3,20,0,136,485,24,n75,31.95766
1054,3,21,0,136,485,24,n75,31.958158
1055,3,22,0,136,485,24,n75,31.958658
1056,3,23,0,138,488,24,n75,32.20265
1057,3,0,1,138,488,24,n77,32.177956
1058,3,1,1,138,488,24,n77,32.17933
1059,3,2,1,138,488,24,n77,32.180706
1060,3,3,1,138,488,24,n77,32.182083
1061,3,4,1,138,488,24,n77,32.183456
1062,3,5,1,138,514,23,n77,33.346355
1063,3,6,1,138,514,23,n77,33.346313
1064,3,7,1,138,555,23,n77,35.303696
1065,3,8,1,140,555,23,n77,35.406517
1066,3,9,1,140,555,23,n77,35.40513
1067,3,10,1,140,555,23,n77,35.403732
1068,3,11,1,140,555,23,n77,35.402336
1069,3,12,1,140,555,23,n77,35.40081
1070,3,13,1,141,555,23,n77,35.451347
1071,3,14,1,141,555,23,n77,35.44982
1072,3,15,1,141,555,23,n77,35.448296
1073,3,16,1,141,555,23,n77,35.446716
1074,3,17,1,141,555,23,n77,35.445087
1075,3,18,1,141,555,23,n77,35.44346
1076,3,19,1,141,564,23,n77,35.86799
1077,3,20,1,141,564,23,n77,35.866364
1129,3,0,0,166,572,23,n78,37.511406
1078,3,21,1,141,564,23,n77,35.86473
1079,3,22,1,141,564,23,n77,35.8631
1080,3,23,1,141,564,23,n77,35.861473
1081,3,0,0,141,564,23,n77,35.89473
1082,3,1,0,141,564,23,n77,35.894817
1083,3,2,0,141,564,23,n77,35.894394
1084,3,3,0,141,564,23,n77,35.893677
1085,3,4,0,141,564,23,n77,35.892956
1086,3,5,0,141,564,23,n77,35.89132
1087,3,6,0,141,564,23,n77,35.889736
1088,3,7,0,142,589,23,n77,37.12545
1089,3,8,0,142,589,23,n77,37.123993
1090,3,9,0,145,589,23,n77,37.277504
1091,3,10,0,145,589,23,n77,37.276115
1092,3,11,0,145,589,23,n77,37.274654
1093,3,12,0,145,589,23,n77,37.27313
1094,3,13,0,145,589,22,n77,37.191208
1095,3,14,0,145,589,22,n77,37.189682
1133,3,4,0,166,571,22,n78,37.384567
1134,3,5,0,166,574,22,n78,37.529392
1137,3,8,0,166,572,21,n78,37.35977
1141,3,12,0,170,578,21,n78,37.851013
1142,3,13,0,174,574,21,n78,37.862892
1144,3,15,0,175,573,21,n78,37.8658
1145,3,16,0,175,578,21,n78,38.103874
1151,3,22,0,172,574,21,n78,37.76413
1150,3,21,0,172,595,21,n78,38.765656
1152,3,23,0,173,584,21,n78,38.29208
1096,3,15,0,145,589,21,n77,37.107765
1097,3,16,0,145,589,21,n77,37.10624
1098,3,17,0,145,589,21,n77,37.104713
1099,3,18,0,145,589,21,n77,37.103188
1100,3,19,0,148,589,21,n77,37.257828
1101,3,20,0,148,589,21,n77,37.2562
1102,3,21,0,148,589,21,n77,37.25457
1103,3,22,0,148,589,21,n77,37.252937
1149,3,20,0,154,584,21,n78,37.328762
1104,3,23,0,148,589,21,n77,37.251266
1105,3,0,1,148,589,21,n78,37.283134
1106,3,1,1,148,595,21,n78,37.568207
1107,3,2,1,148,585,21,n78,37.091362
1108,3,3,1,148,532,21,n78,34.544556
1109,3,4,1,150,541,21,n78,35.07695
1110,3,5,1,150,512,21,n78,33.685307
1111,3,6,1,150,562,21,n78,36.08963
1112,3,7,1,152,521,21,n78,34.219116
1113,3,8,1,152,541,21,n78,35.175125
1148,3,19,0,176,545,20,n78,36.516975
1147,3,18,0,174,595,20,n78,38.781876
1114,3,9,1,158,523,12,n78,33.904366
1115,3,10,1,160,512,12,n78,33.473534
1116,3,11,1,160,541,12,n78,34.86754
1117,3,12,1,165,543,12,n78,35.206314
1118,3,13,1,165,564,12,n78,36.23371
1119,3,14,1,165,585,12,n78,37.256966
1120,3,15,1,166,598,12,n78,37.938347
1121,3,16,1,166,574,12,n78,36.772163
1122,3,17,1,166,587,12,n78,37.407104
1123,3,18,1,166,545,12,n78,35.355873
1124,3,19,1,166,587,12,n78,37.408974
1125,3,20,1,166,584,12,n78,37.26342
1126,3,21,1,166,574,12,n78,36.774006
1127,3,22,1,166,576,12,n78,36.8718
